[{"dtype": "compas.datastructures/Mesh", "data": {"attributes": {}, "default_vertex_attributes": {"x": 0.0, "y": 0.0, "z": 0.0}, "default_edge_attributes": {}, "default_face_attributes": {}, "vertex": {"0": {"x": -2850.0, "y": -2850.0, "z": -200.0}, "1": {"x": -2850.0, "y": 2850.0, "z": -200.0}, "2": {"x": 2850.0, "y": 2850.0, "z": -200.0}, "3": {"x": 2850.0, "y": -2850.0, "z": -200.0}, "4": {"x": -2850.0, "y": -2850.0, "z": 0.0}, "5": {"x": -2850.0, "y": 2850.0, "z": 0.0}, "6": {"x": 2850.0, "y": 2850.0, "z": 0.0}, "7": {"x": 2850.0, "y": -2850.0, "z": 0.0}, "8": {"x": 2710.0, "y": 2850.0, "z": -200.0}, "9": {"x": 2850.0, "y": 2710.0, "z": -200.0}, "10": {"x": 2850.0, "y": 2850.0, "z": -2.842170943040401e-14}, "11": {"x": -2850.0, "y": 2710.0, "z": -200.0}, "12": {"x": -2850.0, "y": 2850.0, "z": -2.842170943040401e-14}, "13": {"x": -2710.0, "y": 2850.0, "z": -200.0}, "14": {"x": -2710.0, "y": -2850.0, "z": -200.0}, "15": {"x": -2850.0, "y": -2850.0, "z": -2.842170943040401e-14}, "16": {"x": -2850.0, "y": -2710.0, "z": -200.0}, "17": {"x": 2850.0, "y": -2850.0, "z": -2.842170943040401e-14}, "18": {"x": 2850.0, "y": -2710.0, "z": -200.0}, "19": {"x": 2710.0, "y": -2850.0, "z": -200.0}}, "face": {"1": [4, 5, 6, 7], "2": [15, 0, 16, 11, 1, 12, 5, 4], "3": [12, 1, 13, 8, 2, 10, 6, 5], "6": [9, 2, 8], "8": [13, 1, 11], "10": [16, 0, 14], "12": [18, 3, 17], "13": [17, 7, 6, 10, 2, 9, 18], "14": [17, 3, 19], "15": [19, 14, 0, 15, 4, 7, 17], "16": [19, 3, 18], "17": [18, 9, 8, 13, 11, 16, 14, 19]}, "facedata": {"0": {}, "1": {}, "2": {}, "3": {}, "4": {}, "5": {}, "6": {}, "7": {}, "8": {}, "9": {}, "10": {}, "11": {}, "12": {}, "13": {}, "14": {}, "15": {}, "16": {}, "17": {}}, "edgedata": {}, "max_vertex": 19, "max_face": 17}, "guid": "a2cb0501-8a43-4468-baa5-395fd452815e"}, {"dtype": "compas.geometry/Plane", "data": {"point": [2850.0, -2640.0, -300.0], "normal": [-0.6337242505244781, 0.6337242505244781, 0.44360697536713467]}, "guid": "3e6b6404-f910-48ab-8be4-fbd0c540070a"}]